product_code,product_name,category
WC-STD-001,Standard Wheelchair,wheelchair
WC-TRN-002,Transport Wheelchair,wheelchair
WC-LW-003,Lightweight Wheelchair,wheelchair
WC-BAR-004,Bariatric Wheelchair,wheelchair
WC-PED-005,Pediatric Wheelchair,wheelchair
WC-REC-006,Reclining Wheelchair,wheelchair
WC-PWR-007,Power Wheelchair,wheelchair
WC-ELV-008,Manual Wheelchair with Elevating Legrests,wheelchair
WK-STD-009,Standard Walker,walker
WK-ROL-010,Rolling Walker,walker
WK-2WH-011,Two-Wheel Walker,walker
WK-4WH-012,Four-Wheel Walker,walker
WK-BAR-013,Bariatric Walker,walker
WK-PED-014,Pediatric Walker,walker
WK-FLD-015,Folding Walker,walker
WK-PLT-016,Platform Walker,walker
HB-SEM-017,Semi-Electric Hospital Bed,hospital bed
HB-FUL-018,Full Electric Hospital Bed,hospital bed
HB-MAN-019,Manual Hospital Bed,hospital bed
HB-LOW-020,Low Hospital Bed,hospital bed
HB-BAR-021,Bariatric Hospital Bed,hospital bed
HB-PED-022,Pediatric Hospital Bed,hospital bed
HB-TRN-023,Trendelenburg Hospital Bed,hospital bed
OX-PORT-024,Portable Oxygen Concentrator,oxygen
OX-STAT-025,Stationary Oxygen Concentrator,oxygen
OX-TANK-E-026,Oxygen Tank - E Cylinder,oxygen
OX-TANK-D-027,Oxygen Tank - D Cylinder,oxygen
OX-LIQ-028,Liquid Oxygen System,oxygen
OX-CONS-029,Oxygen Conserving Device,oxygen
OX-PULOX-030,Pulse Oximeter,oxygen
CP-STD-031,CPAP Machine,CPAP
CP-BI-032,BiPAP Machine,CPAP
CP-AUTO-033,Auto CPAP,CPAP
CP-TRV-034,Travel CPAP,CPAP
CP-MSK-FF-035,CPAP Mask - Full Face,CPAP
CP-MSK-N-036,CPAP Mask - Nasal,CPAP
CP-MSK-NP-037,CPAP Mask - Nasal Pillow,CPAP
CP-HUM-038,CPAP Heated Humidifier,CPAP
NB-COMP-039,Compressor Nebulizer,nebulizer
NB-ULTR-040,Ultrasonic Nebulizer,nebulizer
NB-MESH-041,Portable Mesh Nebulizer,nebulizer
NB-PED-042,Pediatric Nebulizer,nebulizer
PL-ELEC-043,Electric Patient Lift,patient lift
PL-MAN-044,Manual Patient Lift,patient lift
PL-STS-045,Sit-to-Stand Lift,patient lift
PL-CEIL-046,Ceiling Lift System,patient lift
PL-PORT-047,Portable Patient Lift,patient lift
CM-BED-048,Bedside Commode,commode
CM-DROP-049,Drop-Arm Commode,commode
CM-BAR-050,Bariatric Commode,commode
CM-FLD-051,Folding Commode,commode
CM-ROL-052,Rolling Commode,commode
SC-STD-053,Standard Shower Chair,shower chair
SC-TRNB-054,Transfer Bench,shower chair
SC-ROL-055,Rolling Shower Chair,shower chair
SC-BAR-056,Bariatric Shower Chair,shower chair
SC-TUB-057,Tub Transfer Bench,shower chair
RL-STD-058,Standard Rollator,rollator
RL-LW-059,Lightweight Rollator,rollator
RL-BAR-060,Bariatric Rollator,rollator
RL-NAR-061,Narrow Rollator,rollator
RL-OUT-062,Outdoor Rollator,rollator
CN-STD-063,Standard Cane,cane
CN-QUAD-064,Quad Cane,cane
CN-OFF-065,Offset Cane,cane
CN-FLD-066,Folding Cane,cane
CN-WHT-067,White Cane,cane
CR-AXL-068,Axillary Crutches,crutches
CR-FOR-069,Forearm Crutches,crutches
CR-PLT-070,Platform Crutches,crutches
CR-FLD-071,Folding Crutches,crutches
CR-BAR-072,Bariatric Crutches,crutches
KS-STD-073,Standard Knee Scooter,knee scooter
KS-AT-074,All-Terrain Knee Scooter,knee scooter
KS-CMP-075,Compact Knee Scooter,knee scooter
KS-BAR-076,Bariatric Knee Scooter,knee scooter
BP-AUTO-077,Automatic BP Monitor,blood pressure monitor
BP-MAN-078,Manual BP Monitor,blood pressure monitor
BP-WRS-079,Wrist BP Monitor,blood pressure monitor
BP-AMB-080,Ambulatory BP Monitor,blood pressure monitor
GL-STD-081,Standard Glucose Meter,glucose meter
GL-CGM-082,Continuous Glucose Monitor,glucose meter
GL-TLK-083,Talking Glucose Meter,glucose meter
GL-NC-084,No-Code Glucose Meter,glucose meter
CS-KH-15-085,Knee-High Compression Stockings 15-20mmHg,compression stockings
CS-KH-20-086,Knee-High Compression Stockings 20-30mmHg,compression stockings
CS-TH-15-087,Thigh-High Compression Stockings 15-20mmHg,compression stockings
CS-TH-20-088,Thigh-High Compression Stockings 20-30mmHg,compression stockings
CS-ARM-089,Compression Arm Sleeves,compression stockings
BB-LUM-090,Lumbar Support Brace,back brace
BB-LSO-091,LSO Back Brace,back brace
BB-TLSO-092,TLSO Back Brace,back brace
BB-POST-093,Posture Corrector Brace,back brace
AB-LACE-094,Lace-Up Ankle Brace,ankle brace
AB-HING-095,Hinged Ankle Brace,ankle brace
AB-RIG-096,Rigid Ankle Brace,ankle brace
AB-AIR-097,Air Cast Ankle Brace,ankle brace
CC-SOFT-098,Soft Cervical Collar,cervical collar
CC-RIG-099,Rigid Cervical Collar,cervical collar
CC-PHIL-100,Philadelphia Collar,cervical collar
CC-MIA-101,Miami J Collar,cervical collar
TU-DUAL-102,Dual-Channel TENS Unit,tens unit
TU-QUAD-103,Four-Channel TENS Unit,tens unit
TU-WIRE-104,Wireless TENS Unit,tens unit
TU-PRO-105,Professional TENS Unit,tens unit
HP-ELEC-106,Electric Heating Pad,heating pad
HP-MOIST-107,Moist Heat Pad,heating pad
HP-IR-108,Infrared Heating Pad,heating pad
HP-NECK-109,Neck and Shoulder Heating Pad,heating pad
IM-KNEE-110,Cold Therapy Machine - Knee,ice machine
IM-SHLD-111,Cold Therapy Machine - Shoulder,ice machine
IM-UNI-112,Cold Therapy Machine - Universal,ice machine
IM-PORT-113,Portable Ice Therapy System,ice machine
CPM-KNEE-114,Knee CPM Machine,CPM machine
CPM-SHLD-115,Shoulder CPM Machine,CPM machine
CPM-ANK-116,Ankle CPM Machine,CPM machine
TD-CERV-117,Cervical Traction Device,traction device
TD-LUMB-118,Lumbar Traction Device,traction device
TD-OVER-119,Overdoor Cervical Traction,traction device
WK-PED-014-PRO,Pediatric Walker - Pro,walker
BB-LSO-091-PRO,LSO Back Brace - Pro,back brace
WC-STD-001-XL,Standard Wheelchair - XL,wheelchair
HB-MAN-019-BAS,Manual Hospital Bed - Basic,hospital bed
CN-QUAD-064-XL,Quad Cane - XL,cane
WK-2WH-011-XL,Two-Wheel Walker - XL,walker
PL-MAN-044-ECO,Manual Patient Lift - Economy,patient lift
WK-BAR-013-BAS,Bariatric Walker - Basic,walker
AB-AIR-097-PRE,Air Cast Ankle Brace - Premium,ankle brace
WK-BAR-013-BAS,Bariatric Walker - Basic,walker
CM-BAR-050-PRO,Bariatric Commode - Pro,commode
GL-NC-084-PLU,No-Code Glucose Meter - Plus,glucose meter
PL-STS-045-ECO,Sit-to-Stand Lift - Economy,patient lift
HB-LOW-020-PRE,Low Hospital Bed - Premium,hospital bed
OX-STAT-025-XL,Stationary Oxygen Concentrator - XL,oxygen
OX-CONS-029-BAS,Oxygen Conserving Device - Basic,oxygen
BB-LSO-091-ECO,LSO Back Brace - Economy,back brace
WC-PED-005-XL,Pediatric Wheelchair - XL,wheelchair
WK-PLT-016-BAS,Platform Walker - Basic,walker
OX-STAT-025-BAS,Stationary Oxygen Concentrator - Basic,oxygen
OX-PORT-024-PRO,Portable Oxygen Concentrator - Pro,oxygen
HB-LOW-020-ECO,Low Hospital Bed - Economy,hospital bed
CC-RIG-099-SM,Rigid Cervical Collar - SM,cervical collar
SC-STD-053-PRO,Standard Shower Chair - Pro,shower chair
CS-KH-15-085-PRO,Knee-High Compression Stockings 15-20mmHg - Pro,compression stockings
HB-PED-022-PLU,Pediatric Hospital Bed - Plus,hospital bed
PL-PORT-047-SM,Portable Patient Lift - SM,patient lift
OX-PORT-024-BAS,Portable Oxygen Concentrator - Basic,oxygen
GL-TLK-083-BAS,Talking Glucose Meter - Basic,glucose meter
BB-LUM-090-ECO,Lumbar Support Brace - Economy,back brace
HB-FUL-018-SM,Full Electric Hospital Bed - SM,hospital bed
CM-DROP-049-PLU,Drop-Arm Commode - Plus,commode
OX-CONS-029-SM,Oxygen Conserving Device - SM,oxygen
CM-FLD-051-DEL,Folding Commode - Deluxe,commode
CM-BAR-050-PRE,Bariatric Commode - Premium,commode
CS-TH-15-087-PLU,Thigh-High Compression Stockings 15-20mmHg - Plus,compression stockings
RL-LW-059-SM,Lightweight Rollator - SM,rollator
NB-PED-042-PLU,Pediatric Nebulizer - Plus,nebulizer
CR-AXL-068-PLU,Axillary Crutches - Plus,crutches
SC-TUB-057-PRO,Tub Transfer Bench - Pro,shower chair
CS-TH-20-088-PRO,Thigh-High Compression Stockings 20-30mmHg - Pro,compression stockings
CR-BAR-072-ECO,Bariatric Crutches - Economy,crutches
CR-BAR-072-ECO,Bariatric Crutches - Economy,crutches
SC-TUB-057-XL,Tub Transfer Bench - XL,shower chair
CM-BAR-050-ECO,Bariatric Commode - Economy,commode
OX-TANK-D-027-XL,Oxygen Tank - D Cylinder - XL,oxygen
CS-KH-15-085-SM,Knee-High Compression Stockings 15-20mmHg - SM,compression stockings
BP-AMB-080-ECO,Ambulatory BP Monitor - Economy,blood pressure monitor
BP-MAN-078-XL,Manual BP Monitor - XL,blood pressure monitor
WC-STD-001-DEL,Standard Wheelchair - Deluxe,wheelchair
CS-KH-15-085-PLU,Knee-High Compression Stockings 15-20mmHg - Plus,compression stockings
CP-BI-032-PRE,BiPAP Machine - Premium,CPAP
CP-MSK-NP-037-PLU,CPAP Mask - Nasal Pillow - Plus,CPAP
HB-MAN-019-BAS,Manual Hospital Bed - Basic,hospital bed
WK-STD-009-PLU,Standard Walker - Plus,walker
CR-FOR-069-PRE,Forearm Crutches - Premium,crutches
CR-PLT-070-PRE,Platform Crutches - Premium,crutches
BP-AUTO-077-BAS,Automatic BP Monitor - Basic,blood pressure monitor
GL-TLK-083-SM,Talking Glucose Meter - SM,glucose meter
CC-SOFT-098-DEL,Soft Cervical Collar - Deluxe,cervical collar
CP-MSK-N-036-BAS,CPAP Mask - Nasal - Basic,CPAP
CM-FLD-051-PRE,Folding Commode - Premium,commode
CP-HUM-038-PRO,CPAP Heated Humidifier - Pro,CPAP
AB-AIR-097-PRO,Air Cast Ankle Brace - Pro,ankle brace
RL-STD-058-BAS,Standard Rollator - Basic,rollator
CP-TRV-034-BAS,Travel CPAP - Basic,CPAP
OX-LIQ-028-ECO,Liquid Oxygen System - Economy,oxygen
NB-MESH-041-ECO,Portable Mesh Nebulizer - Economy,nebulizer
WK-STD-009-PLU,Standard Walker - Plus,walker
NB-ULTR-040-DEL,Ultrasonic Nebulizer - Deluxe,nebulizer
CM-DROP-049-PLU,Drop-Arm Commode - Plus,commode
CP-TRV-034-DEL,Travel CPAP - Deluxe,CPAP
CC-PHIL-100-PRO,Philadelphia Collar - Pro,cervical collar
HB-TRN-023-DEL,Trendelenburg Hospital Bed - Deluxe,hospital bed
SC-TUB-057-BAS,Tub Transfer Bench - Basic,shower chair
KS-AT-074-DEL,All-Terrain Knee Scooter - Deluxe,knee scooter
WK-PED-014-XL,Pediatric Walker - XL,walker
HB-SEM-017-PRO,Semi-Electric Hospital Bed - Pro,hospital bed
HB-FUL-018-PRO,Full Electric Hospital Bed - Pro,hospital bed
WK-PLT-016-PRE,Platform Walker - Premium,walker
WC-LW-003-PLU,Lightweight Wheelchair - Plus,wheelchair
WC-SENT-001,Sentinel Wheelchair,wheelchair
CN-SENT-001,Sentinel Cane,cane
WK-SENT-001,Sentinel Walker,walker
RL-SENT-001,Sentinel Rollator,rollator
CM-SENT-001,Sentinel CPM Machine,cpm machine
AB-EZ-206,Ankle Brace Ez Model 206,ankle brace
AB-STD-207,Ankle Brace Std Model 207,ankle brace
AB-CMP-208,Ankle Brace Cmp Model 208,ankle brace
AB-GEL-209,Ankle Brace Gel Model 209,ankle brace
AB-AIR-210,Ankle Brace Air Model 210,ankle brace
AB-PRM-211,Ankle Brace Prm Model 211,ankle brace
AB-AIR-212,Ankle Brace Air Model 212,ankle brace
AB-STD-213,Ankle Brace Std Model 213,ankle brace
AB-GEL-214,Ankle Brace Gel Model 214,ankle brace
AB-WDE-215,Ankle Brace Wde Model 215,ankle brace
AB-PRM-216,Ankle Brace Prm Model 216,ankle brace
AB-MNI-217,Ankle Brace Mni Model 217,ankle brace
AB-MAN-218,Ankle Brace Man Model 218,ankle brace
AB-HVY-219,Ankle Brace Hvy Model 219,ankle brace
AB-PRT-220,Ankle Brace Prt Model 220,ankle brace
AB-LT-221,Ankle Brace Lt Model 221,ankle brace
AB-AUT-222,Ankle Brace Aut Model 222,ankle brace
AB-BSC-223,Ankle Brace Bsc Model 223,ankle brace
AB-BSC-224,Ankle Brace Bsc Model 224,ankle brace
AB-STD-225,Ankle Brace Std Model 225,ankle brace
AB-BSC-226,Ankle Brace Bsc Model 226,ankle brace
AB-FLX-227,Ankle Brace Flx Model 227,ankle brace
AB-BAR-228,Ankle Brace Bar Model 228,ankle brace
AB-PRM-229,Ankle Brace Prm Model 229,ankle brace
AB-ERG-230,Ankle Brace Erg Model 230,ankle brace
AB-CMP-231,Ankle Brace Cmp Model 231,ankle brace
AB-AIR-232,Ankle Brace Air Model 232,ankle brace
AB-PED-233,Ankle Brace Ped Model 233,ankle brace
AB-MAX-234,Ankle Brace Max Model 234,ankle brace
AB-AUT-235,Ankle Brace Aut Model 235,ankle brace
AB-MAN-236,Ankle Brace Man Model 236,ankle brace
AB-PRM-237,Ankle Brace Prm Model 237,ankle brace
AB-DIG-238,Ankle Brace Dig Model 238,ankle brace
AB-QCK-239,Ankle Brace Qck Model 239,ankle brace
AB-ULT-240,Ankle Brace Ult Model 240,ankle brace
AB-LT-241,Ankle Brace Lt Model 241,ankle brace
AB-CMP-242,Ankle Brace Cmp Model 242,ankle brace
AB-HD-243,Ankle Brace Hd Model 243,ankle brace
AB-DIG-244,Ankle Brace Dig Model 244,ankle brace
AB-ECO-245,Ankle Brace Eco Model 245,ankle brace
AB-ADV-246,Ankle Brace Adv Model 246,ankle brace
BB-DLX-247,Back Brace Dlx Model 247,back brace
BB-ECO-248,Back Brace Eco Model 248,back brace
BB-LT-249,Back Brace Lt Model 249,back brace
BB-STD-250,Back Brace Std Model 250,back brace
BB-DIG-251,Back Brace Dig Model 251,back brace
BB-HVY-252,Back Brace Hvy Model 252,back brace
BB-MAN-253,Back Brace Man Model 253,back brace
BB-DLX-254,Back Brace Dlx Model 254,back brace
BB-LT-255,Back Brace Lt Model 255,back brace
BB-CMP-256,Back Brace Cmp Model 256,back brace
BB-PRO-257,Back Brace Pro Model 257,back brace
BB-QCK-258,Back Brace Qck Model 258,back brace
BB-GEL-259,Back Brace Gel Model 259,back brace
BB-NRW-260,Back Brace Nrw Model 260,back brace
BB-LT-261,Back Brace Lt Model 261,back brace
BB-DLX-262,Back Brace Dlx Model 262,back brace
BB-BSC-263,Back Brace Bsc Model 263,back brace
BB-PRO-264,Back Brace Pro Model 264,back brace
BB-PRT-265,Back Brace Prt Model 265,back brace
BB-ADV-266,Back Brace Adv Model 266,back brace
BB-PRM-267,Back Brace Prm Model 267,back brace
BB-SPT-268,Back Brace Spt Model 268,back brace
BB-SLM-269,Back Brace Slm Model 269,back brace
BB-HVY-270,Back Brace Hvy Model 270,back brace
BB-PRO-271,Back Brace Pro Model 271,back brace
BB-AIR-272,Back Brace Air Model 272,back brace
BB-ADV-273,Back Brace Adv Model 273,back brace
BB-FLX-274,Back Brace Flx Model 274,back brace
BB-ADV-275,Back Brace Adv Model 275,back brace
BB-QCK-276,Back Brace Qck Model 276,back brace
BB-PRO-277,Back Brace Pro Model 277,back brace
BB-AIR-278,Back Brace Air Model 278,back brace
BB-WDE-279,Back Brace Wde Model 279,back brace
BB-PRT-280,Back Brace Prt Model 280,back brace
BB-MAN-281,Back Brace Man Model 281,back brace
BB-QCK-282,Back Brace Qck Model 282,back brace
BB-LT-283,Back Brace Lt Model 283,back brace
BB-PRO-284,Back Brace Pro Model 284,back brace
BB-GEL-285,Back Brace Gel Model 285,back brace
BB-SLM-286,Back Brace Slm Model 286,back brace
BB-MNI-287,Back Brace Mni Model 287,back brace
BP-BAR-288,Blood Pressure Monitor Bar Model 288,blood pressure monitor
BP-MAN-289,Blood Pressure Monitor Man Model 289,blood pressure monitor
BP-WDE-290,Blood Pressure Monitor Wde Model 290,blood pressure monitor
BP-HVY-291,Blood Pressure Monitor Hvy Model 291,blood pressure monitor
BP-BSC-292,Blood Pressure Monitor Bsc Model 292,blood pressure monitor
BP-PRM-293,Blood Pressure Monitor Prm Model 293,blood pressure monitor
BP-DLX-294,Blood Pressure Monitor Dlx Model 294,blood pressure monitor
BP-STD-295,Blood Pressure Monitor Std Model 295,blood pressure monitor
BP-DIG-296,Blood Pressure Monitor Dig Model 296,blood pressure monitor
BP-QCK-297,Blood Pressure Monitor Qck Model 297,blood pressure monitor
BP-SPT-298,Blood Pressure Monitor Spt Model 298,blood pressure monitor
BP-GEL-299,Blood Pressure Monitor Gel Model 299,blood pressure monitor
BP-BSC-300,Blood Pressure Monitor Bsc Model 300,blood pressure monitor
BP-AIR-301,Blood Pressure Monitor Air Model 301,blood pressure monitor
BP-FLX-302,Blood Pressure Monitor Flx Model 302,blood pressure monitor
BP-STD-303,Blood Pressure Monitor Std Model 303,blood pressure monitor
BP-AUT-304,Blood Pressure Monitor Aut Model 304,blood pressure monitor
BP-MAX-305,Blood Pressure Monitor Max Model 305,blood pressure monitor
BP-ECO-306,Blood Pressure Monitor Eco Model 306,blood pressure monitor
BP-ULT-307,Blood Pressure Monitor Ult Model 307,blood pressure monitor
BP-ULT-308,Blood Pressure Monitor Ult Model 308,blood pressure monitor
BP-AUT-309,Blood Pressure Monitor Aut Model 309,blood pressure monitor
BP-BSC-310,Blood Pressure Monitor Bsc Model 310,blood pressure monitor
BP-ECO-311,Blood Pressure Monitor Eco Model 311,blood pressure monitor
BP-HVY-312,Blood Pressure Monitor Hvy Model 312,blood pressure monitor
BP-HD-313,Blood Pressure Monitor Hd Model 313,blood pressure monitor
BP-ADV-314,Blood Pressure Monitor Adv Model 314,blood pressure monitor
BP-CMP-315,Blood Pressure Monitor Cmp Model 315,blood pressure monitor
BP-SLM-316,Blood Pressure Monitor Slm Model 316,blood pressure monitor
BP-BAR-317,Blood Pressure Monitor Bar Model 317,blood pressure monitor
BP-BAR-318,Blood Pressure Monitor Bar Model 318,blood pressure monitor
BP-FLX-319,Blood Pressure Monitor Flx Model 319,blood pressure monitor
BP-HVY-320,Blood Pressure Monitor Hvy Model 320,blood pressure monitor
BP-LT-321,Blood Pressure Monitor Lt Model 321,blood pressure monitor
BP-CMP-322,Blood Pressure Monitor Cmp Model 322,blood pressure monitor
BP-ERG-323,Blood Pressure Monitor Erg Model 323,blood pressure monitor
BP-STD-324,Blood Pressure Monitor Std Model 324,blood pressure monitor
BP-NRW-325,Blood Pressure Monitor Nrw Model 325,blood pressure monitor
BP-SLM-326,Blood Pressure Monitor Slm Model 326,blood pressure monitor
BP-MAX-327,Blood Pressure Monitor Max Model 327,blood pressure monitor
BP-NRW-328,Blood Pressure Monitor Nrw Model 328,blood pressure monitor
CN-BAR-329,Cane Bar Model 329,cane
CN-CMP-330,Cane Cmp Model 330,cane
CN-PRM-331,Cane Prm Model 331,cane
CN-WDE-332,Cane Wde Model 332,cane
CN-SLM-333,Cane Slm Model 333,cane
CN-SPT-334,Cane Spt Model 334,cane
CN-SLM-335,Cane Slm Model 335,cane
CN-BSC-336,Cane Bsc Model 336,cane
CN-SPT-337,Cane Spt Model 337,cane
CN-PED-338,Cane Ped Model 338,cane
CN-MNI-339,Cane Mni Model 339,cane
CN-CMP-340,Cane Cmp Model 340,cane
CN-ECO-341,Cane Eco Model 341,cane
CN-HD-342,Cane Hd Model 342,cane
CN-PRO-343,Cane Pro Model 343,cane
CN-PRO-344,Cane Pro Model 344,cane
CN-STD-345,Cane Std Model 345,cane
CN-QCK-346,Cane Qck Model 346,cane
CN-NRW-347,Cane Nrw Model 347,cane
CN-MAX-348,Cane Max Model 348,cane
CN-ERG-349,Cane Erg Model 349,cane
CN-AIR-350,Cane Air Model 350,cane
CN-MAX-351,Cane Max Model 351,cane
CN-GEL-352,Cane Gel Model 352,cane
CN-MAX-353,Cane Max Model 353,cane
CN-SLM-354,Cane Slm Model 354,cane
CN-HD-355,Cane Hd Model 355,cane
CN-NRW-356,Cane Nrw Model 356,cane
CN-BSC-357,Cane Bsc Model 357,cane
CN-WDE-358,Cane Wde Model 358,cane
CN-STD-359,Cane Std Model 359,cane
CN-PRO-360,Cane Pro Model 360,cane
CN-HVY-361,Cane Hvy Model 361,cane
CN-ULT-362,Cane Ult Model 362,cane
CN-PRO-363,Cane Pro Model 363,cane
CN-STD-364,Cane Std Model 364,cane
CN-BAR-365,Cane Bar Model 365,cane
CN-ADV-366,Cane Adv Model 366,cane
CN-FLX-367,Cane Flx Model 367,cane
CN-HVY-368,Cane Hvy Model 368,cane
CN-NRW-369,Cane Nrw Model 369,cane
CC-SLM-370,Cervical Collar Slm Model 370,cervical collar
CC-BAR-371,Cervical Collar Bar Model 371,cervical collar
CC-PED-372,Cervical Collar Ped Model 372,cervical collar
CC-ULT-373,Cervical Collar Ult Model 373,cervical collar
CC-WDE-374,Cervical Collar Wde Model 374,cervical collar
CC-BSC-375,Cervical Collar Bsc Model 375,cervical collar
CC-SPT-376,Cervical Collar Spt Model 376,cervical collar
CC-MNI-377,Cervical Collar Mni Model 377,cervical collar
CC-WDE-378,Cervical Collar Wde Model 378,cervical collar
CC-LT-379,Cervical Collar Lt Model 379,cervical collar
CC-SLM-380,Cervical Collar Slm Model 380,cervical collar
CC-ADV-381,Cervical Collar Adv Model 381,cervical collar
CC-PRO-382,Cervical Collar Pro Model 382,cervical collar
CC-AUT-383,Cervical Collar Aut Model 383,cervical collar
CC-MNI-384,Cervical Collar Mni Model 384,cervical collar
CC-PRO-385,Cervical Collar Pro Model 385,cervical collar
CC-MAX-386,Cervical Collar Max Model 386,cervical collar
CC-NRW-387,Cervical Collar Nrw Model 387,cervical collar
CC-LT-388,Cervical Collar Lt Model 388,cervical collar
CC-PRM-389,Cervical Collar Prm Model 389,cervical collar
CC-AUT-390,Cervical Collar Aut Model 390,cervical collar
CC-STD-391,Cervical Collar Std Model 391,cervical collar
CC-GEL-392,Cervical Collar Gel Model 392,cervical collar
CC-PRM-393,Cervical Collar Prm Model 393,cervical collar
CC-BAR-394,Cervical Collar Bar Model 394,cervical collar
CC-WDE-395,Cervical Collar Wde Model 395,cervical collar
CC-AUT-396,Cervical Collar Aut Model 396,cervical collar
CC-AIR-397,Cervical Collar Air Model 397,cervical collar
CC-NRW-398,Cervical Collar Nrw Model 398,cervical collar
CC-LT-399,Cervical Collar Lt Model 399,cervical collar
CC-BAR-400,Cervical Collar Bar Model 400,cervical collar
CC-MNI-401,Cervical Collar Mni Model 401,cervical collar
CC-MAN-402,Cervical Collar Man Model 402,cervical collar
CC-AIR-403,Cervical Collar Air Model 403,cervical collar
CC-PRM-404,Cervical Collar Prm Model 404,cervical collar
CC-QCK-405,Cervical Collar Qck Model 405,cervical collar
CC-ECO-406,Cervical Collar Eco Model 406,cervical collar
CC-ERG-407,Cervical Collar Erg Model 407,cervical collar
CC-SLM-408,Cervical Collar Slm Model 408,cervical collar
CC-DLX-409,Cervical Collar Dlx Model 409,cervical collar
CC-GEL-410,Cervical Collar Gel Model 410,cervical collar
CM-PED-411,Commode Ped Model 411,commode
CM-ECO-412,Commode Eco Model 412,commode
CM-AUT-413,Commode Aut Model 413,commode
CM-STD-414,Commode Std Model 414,commode
CM-PRO-415,Commode Pro Model 415,commode
CM-FLX-416,Commode Flx Model 416,commode
CM-SLM-417,Commode Slm Model 417,commode
CM-EZ-418,Commode Ez Model 418,commode
CM-DIG-419,Commode Dig Model 419,commode
CM-HVY-420,Commode Hvy Model 420,commode
CM-ULT-421,Commode Ult Model 421,commode
CM-PRO-422,Commode Pro Model 422,commode
CM-GEL-423,Commode Gel Model 423,commode
CM-MAN-424,Commode Man Model 424,commode
CM-ADV-425,Commode Adv Model 425,commode
CM-PRO-426,Commode Pro Model 426,commode
CM-PRT-427,Commode Prt Model 427,commode
CM-GEL-428,Commode Gel Model 428,commode
CM-BAR-429,Commode Bar Model 429,commode
CM-ECO-430,Commode Eco Model 430,commode
CM-GEL-431,Commode Gel Model 431,commode
CM-MNI-432,Commode Mni Model 432,commode
CM-MAN-433,Commode Man Model 433,commode
CM-MNI-434,Commode Mni Model 434,commode
CM-PRO-435,Commode Pro Model 435,commode
CM-AIR-436,Commode Air Model 436,commode
CM-ULT-437,Commode Ult Model 437,commode
CM-DIG-438,Commode Dig Model 438,commode
CM-QCK-439,Commode Qck Model 439,commode
CM-ULT-440,Commode Ult Model 440,commode
CM-DIG-441,Commode Dig Model 441,commode
CM-DIG-442,Commode Dig Model 442,commode
CM-LT-443,Commode Lt Model 443,commode
CM-GEL-444,Commode Gel Model 444,commode
CM-MAN-445,Commode Man Model 445,commode
CM-ECO-446,Commode Eco Model 446,commode
CM-FLX-447,Commode Flx Model 447,commode
CM-ADV-448,Commode Adv Model 448,commode
CM-QCK-449,Commode Qck Model 449,commode
CM-ADV-450,Commode Adv Model 450,commode
CM-LT-451,Commode Lt Model 451,commode
CS-EZ-452,Compression Stockings Ez Model 452,compression stockings
CS-NRW-453,Compression Stockings Nrw Model 453,compression stockings
CS-GEL-454,Compression Stockings Gel Model 454,compression stockings
CS-HD-455,Compression Stockings Hd Model 455,compression stockings
CS-ECO-456,Compression Stockings Eco Model 456,compression stockings
CS-HVY-457,Compression Stockings Hvy Model 457,compression stockings
CS-SLM-458,Compression Stockings Slm Model 458,compression stockings
CS-LT-459,Compression Stockings Lt Model 459,compression stockings
CS-GEL-460,Compression Stockings Gel Model 460,compression stockings
CS-AIR-461,Compression Stockings Air Model 461,compression stockings
CS-ULT-462,Compression Stockings Ult Model 462,compression stockings
CS-DLX-463,Compression Stockings Dlx Model 463,compression stockings
CS-PRM-464,Compression Stockings Prm Model 464,compression stockings
CS-SPT-465,Compression Stockings Spt Model 465,compression stockings
CS-STD-466,Compression Stockings Std Model 466,compression stockings
CS-WDE-467,Compression Stockings Wde Model 467,compression stockings
CS-PED-468,Compression Stockings Ped Model 468,compression stockings
CS-ECO-469,Compression Stockings Eco Model 469,compression stockings
CS-ADV-470,Compression Stockings Adv Model 470,compression stockings
CS-SLM-471,Compression Stockings Slm Model 471,compression stockings
CS-ECO-472,Compression Stockings Eco Model 472,compression stockings
CS-MAN-473,Compression Stockings Man Model 473,compression stockings
CS-DIG-474,Compression Stockings Dig Model 474,compression stockings
CS-ADV-475,Compression Stockings Adv Model 475,compression stockings
CS-HD-476,Compression Stockings Hd Model 476,compression stockings
CS-MAN-477,Compression Stockings Man Model 477,compression stockings
CS-ERG-478,Compression Stockings Erg Model 478,compression stockings
CS-ERG-479,Compression Stockings Erg Model 479,compression stockings
CS-DLX-480,Compression Stockings Dlx Model 480,compression stockings
CS-STD-481,Compression Stockings Std Model 481,compression stockings
CS-QCK-482,Compression Stockings Qck Model 482,compression stockings
CS-ECO-483,Compression Stockings Eco Model 483,compression stockings
CS-BAR-484,Compression Stockings Bar Model 484,compression stockings
CS-ERG-485,Compression Stockings Erg Model 485,compression stockings
CS-EZ-486,Compression Stockings Ez Model 486,compression stockings
CS-PRM-487,Compression Stockings Prm Model 487,compression stockings
CS-WDE-488,Compression Stockings Wde Model 488,compression stockings
CS-PED-489,Compression Stockings Ped Model 489,compression stockings
CS-GEL-490,Compression Stockings Gel Model 490,compression stockings
CS-PED-491,Compression Stockings Ped Model 491,compression stockings
CS-WDE-492,Compression Stockings Wde Model 492,compression stockings
CP-BAR-493,Cpap Bar Model 493,cpap
CP-PRO-494,Cpap Pro Model 494,cpap
CP-CMP-495,Cpap Cmp Model 495,cpap
CP-SLM-496,Cpap Slm Model 496,cpap
CP-MNI-497,Cpap Mni Model 497,cpap
CP-MAN-498,Cpap Man Model 498,cpap
CP-ECO-499,Cpap Eco Model 499,cpap
CP-ECO-500,Cpap Eco Model 500,cpap
CP-FLX-501,Cpap Flx Model 501,cpap
CP-EZ-502,Cpap Ez Model 502,cpap
CP-DLX-503,Cpap Dlx Model 503,cpap
CP-QCK-504,Cpap Qck Model 504,cpap
CP-PED-505,Cpap Ped Model 505,cpap
CP-MAN-506,Cpap Man Model 506,cpap
CP-ULT-507,Cpap Ult Model 507,cpap
CP-AIR-508,Cpap Air Model 508,cpap
CP-BAR-509,Cpap Bar Model 509,cpap
CP-WDE-510,Cpap Wde Model 510,cpap
CP-GEL-511,Cpap Gel Model 511,cpap
CP-MAN-512,Cpap Man Model 512,cpap
CP-CMP-513,Cpap Cmp Model 513,cpap
CP-GEL-514,Cpap Gel Model 514,cpap
CP-HD-515,Cpap Hd Model 515,cpap
CP-CMP-516,Cpap Cmp Model 516,cpap
CP-ULT-517,Cpap Ult Model 517,cpap
CP-ADV-518,Cpap Adv Model 518,cpap
CP-SLM-519,Cpap Slm Model 519,cpap
CP-NRW-520,Cpap Nrw Model 520,cpap
CP-PRM-521,Cpap Prm Model 521,cpap
CP-EZ-522,Cpap Ez Model 522,cpap
CP-MNI-523,Cpap Mni Model 523,cpap
CP-MAX-524,Cpap Max Model 524,cpap
CP-HVY-525,Cpap Hvy Model 525,cpap
CP-GEL-526,Cpap Gel Model 526,cpap
CP-PRM-527,Cpap Prm Model 527,cpap
CP-DIG-528,Cpap Dig Model 528,cpap
CP-ERG-529,Cpap Erg Model 529,cpap
CP-AUT-530,Cpap Aut Model 530,cpap
CP-ECO-531,Cpap Eco Model 531,cpap
CP-FLX-532,Cpap Flx Model 532,cpap
CP-PRT-533,Cpap Prt Model 533,cpap
CPM-QCK-534,Cpm Machine Qck Model 534,cpm machine
CPM-STD-535,Cpm Machine Std Model 535,cpm machine
CPM-WDE-536,Cpm Machine Wde Model 536,cpm machine
CPM-BSC-537,Cpm Machine Bsc Model 537,cpm machine
CPM-WDE-538,Cpm Machine Wde Model 538,cpm machine
CPM-BSC-539,Cpm Machine Bsc Model 539,cpm machine
CPM-ADV-540,Cpm Machine Adv Model 540,cpm machine
CPM-BSC-541,Cpm Machine Bsc Model 541,cpm machine
CPM-QCK-542,Cpm Machine Qck Model 542,cpm machine
CPM-GEL-543,Cpm Machine Gel Model 543,cpm machine
CPM-ECO-544,Cpm Machine Eco Model 544,cpm machine
CPM-CMP-545,Cpm Machine Cmp Model 545,cpm machine
CPM-STD-546,Cpm Machine Std Model 546,cpm machine
CPM-CMP-547,Cpm Machine Cmp Model 547,cpm machine
CPM-BAR-548,Cpm Machine Bar Model 548,cpm machine
CPM-AIR-549,Cpm Machine Air Model 549,cpm machine
CPM-ERG-550,Cpm Machine Erg Model 550,cpm machine
CPM-BSC-551,Cpm Machine Bsc Model 551,cpm machine
CPM-FLX-552,Cpm Machine Flx Model 552,cpm machine
CPM-BSC-553,Cpm Machine Bsc Model 553,cpm machine
CPM-AIR-554,Cpm Machine Air Model 554,cpm machine
CPM-SLM-555,Cpm Machine Slm Model 555,cpm machine
CPM-AIR-556,Cpm Machine Air Model 556,cpm machine
CPM-DLX-557,Cpm Machine Dlx Model 557,cpm machine
CPM-DLX-558,Cpm Machine Dlx Model 558,cpm machine
CPM-ECO-559,Cpm Machine Eco Model 559,cpm machine
CPM-GEL-560,Cpm Machine Gel Model 560,cpm machine
CPM-MAX-561,Cpm Machine Max Model 561,cpm machine
CPM-ECO-562,Cpm Machine Eco Model 562,cpm machine
CPM-AUT-563,Cpm Machine Aut Model 563,cpm machine
CPM-ADV-564,Cpm Machine Adv Model 564,cpm machine
CPM-LT-565,Cpm Machine Lt Model 565,cpm machine
CPM-PRT-566,Cpm Machine Prt Model 566,cpm machine
CPM-ERG-567,Cpm Machine Erg Model 567,cpm machine
CPM-MNI-568,Cpm Machine Mni Model 568,cpm machine
CPM-HD-569,Cpm Machine Hd Model 569,cpm machine
CPM-QCK-570,Cpm Machine Qck Model 570,cpm machine
CPM-MNI-571,Cpm Machine Mni Model 571,cpm machine
CPM-FLX-572,Cpm Machine Flx Model 572,cpm machine
CPM-HVY-573,Cpm Machine Hvy Model 573,cpm machine
CPM-QCK-574,Cpm Machine Qck Model 574,cpm machine
CR-MAX-575,Crutches Max Model 575,crutches
CR-HVY-576,Crutches Hvy Model 576,crutches
CR-NRW-577,Crutches Nrw Model 577,crutches
CR-CMP-578,Crutches Cmp Model 578,crutches
CR-AIR-579,Crutches Air Model 579,crutches
CR-SLM-580,Crutches Slm Model 580,crutches
CR-DIG-581,Crutches Dig Model 581,crutches
CR-SPT-582,Crutches Spt Model 582,crutches
CR-AUT-583,Crutches Aut Model 583,crutches
CR-CMP-584,Crutches Cmp Model 584,crutches
CR-ULT-585,Crutches Ult Model 585,crutches
CR-FLX-586,Crutches Flx Model 586,crutches
CR-NRW-587,Crutches Nrw Model 587,crutches
CR-ERG-588,Crutches Erg Model 588,crutches
CR-HVY-589,Crutches Hvy Model 589,crutches
CR-AUT-590,Crutches Aut Model 590,crutches
CR-AIR-591,Crutches Air Model 591,crutches
CR-BAR-592,Crutches Bar Model 592,crutches
CR-SPT-593,Crutches Spt Model 593,crutches
CR-WDE-594,Crutches Wde Model 594,crutches
CR-ADV-595,Crutches Adv Model 595,crutches
CR-DLX-596,Crutches Dlx Model 596,crutches
CR-CMP-597,Crutches Cmp Model 597,crutches
CR-PED-598,Crutches Ped Model 598,crutches
CR-ULT-599,Crutches Ult Model 599,crutches
CR-ECO-600,Crutches Eco Model 600,crutches
CR-AIR-601,Crutches Air Model 601,crutches
CR-QCK-602,Crutches Qck Model 602,crutches
CR-DIG-603,Crutches Dig Model 603,crutches
CR-CMP-604,Crutches Cmp Model 604,crutches
CR-AIR-605,Crutches Air Model 605,crutches
CR-AUT-606,Crutches Aut Model 606,crutches
CR-AUT-607,Crutches Aut Model 607,crutches
CR-EZ-608,Crutches Ez Model 608,crutches
CR-GEL-609,Crutches Gel Model 609,crutches
CR-AUT-610,Crutches Aut Model 610,crutches
CR-MNI-611,Crutches Mni Model 611,crutches
CR-GEL-612,Crutches Gel Model 612,crutches
CR-MNI-613,Crutches Mni Model 613,crutches
CR-ADV-614,Crutches Adv Model 614,crutches
CR-AIR-615,Crutches Air Model 615,crutches
GL-PRT-616,Glucose Meter Prt Model 616,glucose meter
GL-PRO-617,Glucose Meter Pro Model 617,glucose meter
GL-MAX-618,Glucose Meter Max Model 618,glucose meter
GL-AUT-619,Glucose Meter Aut Model 619,glucose meter
GL-ERG-620,Glucose Meter Erg Model 620,glucose meter
GL-MAX-621,Glucose Meter Max Model 621,glucose meter
GL-DLX-622,Glucose Meter Dlx Model 622,glucose meter
GL-DLX-623,Glucose Meter Dlx Model 623,glucose meter
GL-MAN-624,Glucose Meter Man Model 624,glucose meter
GL-HD-625,Glucose Meter Hd Model 625,glucose meter
GL-LT-626,Glucose Meter Lt Model 626,glucose meter
GL-MNI-627,Glucose Meter Mni Model 627,glucose meter
GL-SLM-628,Glucose Meter Slm Model 628,glucose meter
GL-ADV-629,Glucose Meter Adv Model 629,glucose meter
GL-MNI-630,Glucose Meter Mni Model 630,glucose meter
GL-AIR-631,Glucose Meter Air Model 631,glucose meter
GL-FLX-632,Glucose Meter Flx Model 632,glucose meter
GL-STD-633,Glucose Meter Std Model 633,glucose meter
GL-STD-634,Glucose Meter Std Model 634,glucose meter
GL-ULT-635,Glucose Meter Ult Model 635,glucose meter
GL-EZ-636,Glucose Meter Ez Model 636,glucose meter
GL-PRM-637,Glucose Meter Prm Model 637,glucose meter
GL-EZ-638,Glucose Meter Ez Model 638,glucose meter
GL-FLX-639,Glucose Meter Flx Model 639,glucose meter
GL-ULT-640,Glucose Meter Ult Model 640,glucose meter
GL-SLM-641,Glucose Meter Slm Model 641,glucose meter
GL-SLM-642,Glucose Meter Slm Model 642,glucose meter
GL-MNI-643,Glucose Meter Mni Model 643,glucose meter
GL-CMP-644,Glucose Meter Cmp Model 644,glucose meter
GL-STD-645,Glucose Meter Std Model 645,glucose meter
GL-MNI-646,Glucose Meter Mni Model 646,glucose meter
GL-SPT-647,Glucose Meter Spt Model 647,glucose meter
GL-NRW-648,Glucose Meter Nrw Model 648,glucose meter
GL-MNI-649,Glucose Meter Mni Model 649,glucose meter
GL-GEL-650,Glucose Meter Gel Model 650,glucose meter
GL-ULT-651,Glucose Meter Ult Model 651,glucose meter
GL-HVY-652,Glucose Meter Hvy Model 652,glucose meter
GL-HD-653,Glucose Meter Hd Model 653,glucose meter
GL-ULT-654,Glucose Meter Ult Model 654,glucose meter
GL-SLM-655,Glucose Meter Slm Model 655,glucose meter
GL-HD-656,Glucose Meter Hd Model 656,glucose meter
HP-CMP-657,Heating Pad Cmp Model 657,heating pad
HP-ERG-658,Heating Pad Erg Model 658,heating pad
HP-ULT-659,Heating Pad Ult Model 659,heating pad
HP-SPT-660,Heating Pad Spt Model 660,heating pad
HP-HVY-661,Heating Pad Hvy Model 661,heating pad
HP-MNI-662,Heating Pad Mni Model 662,heating pad
HP-PRO-663,Heating Pad Pro Model 663,heating pad
HP-FLX-664,Heating Pad Flx Model 664,heating pad
HP-AIR-665,Heating Pad Air Model 665,heating pad
HP-HD-666,Heating Pad Hd Model 666,heating pad
HP-STD-667,Heating Pad Std Model 667,heating pad
HP-PRM-668,Heating Pad Prm Model 668,heating pad
HP-ADV-669,Heating Pad Adv Model 669,heating pad
HP-BSC-670,Heating Pad Bsc Model 670,heating pad
HP-PRM-671,Heating Pad Prm Model 671,heating pad
HP-SLM-672,Heating Pad Slm Model 672,heating pad
HP-AUT-673,Heating Pad Aut Model 673,heating pad
HP-EZ-674,Heating Pad Ez Model 674,heating pad
HP-BSC-675,Heating Pad Bsc Model 675,heating pad
HP-AIR-676,Heating Pad Air Model 676,heating pad
HP-FLX-677,Heating Pad Flx Model 677,heating pad
HP-ADV-678,Heating Pad Adv Model 678,heating pad
HP-PRM-679,Heating Pad Prm Model 679,heating pad
HP-AUT-680,Heating Pad Aut Model 680,heating pad
HP-DLX-681,Heating Pad Dlx Model 681,heating pad
HP-QCK-682,Heating Pad Qck Model 682,heating pad
HP-BAR-683,Heating Pad Bar Model 683,heating pad
HP-PRO-684,Heating Pad Pro Model 684,heating pad
HP-HVY-685,Heating Pad Hvy Model 685,heating pad
HP-ADV-686,Heating Pad Adv Model 686,heating pad
HP-GEL-687,Heating Pad Gel Model 687,heating pad
HP-NRW-688,Heating Pad Nrw Model 688,heating pad
HP-BAR-689,Heating Pad Bar Model 689,heating pad
HP-LT-690,Heating Pad Lt Model 690,heating pad
HP-PRM-691,Heating Pad Prm Model 691,heating pad
HP-WDE-692,Heating Pad Wde Model 692,heating pad
HP-QCK-693,Heating Pad Qck Model 693,heating pad
HP-WDE-694,Heating Pad Wde Model 694,heating pad
HP-AUT-695,Heating Pad Aut Model 695,heating pad
HP-ULT-696,Heating Pad Ult Model 696,heating pad
HP-SPT-697,Heating Pad Spt Model 697,heating pad
HB-DIG-698,Hospital Bed Dig Model 698,hospital bed
HB-DLX-699,Hospital Bed Dlx Model 699,hospital bed
HB-PRT-700,Hospital Bed Prt Model 700,hospital bed
HB-QCK-701,Hospital Bed Qck Model 701,hospital bed
HB-PRO-702,Hospital Bed Pro Model 702,hospital bed
HB-PED-703,Hospital Bed Ped Model 703,hospital bed
HB-HD-704,Hospital Bed Hd Model 704,hospital bed
HB-MNI-705,Hospital Bed Mni Model 705,hospital bed
HB-SLM-706,Hospital Bed Slm Model 706,hospital bed
HB-AUT-707,Hospital Bed Aut Model 707,hospital bed
HB-SPT-708,Hospital Bed Spt Model 708,hospital bed
HB-WDE-709,Hospital Bed Wde Model 709,hospital bed
HB-ECO-710,Hospital Bed Eco Model 710,hospital bed
HB-MAX-711,Hospital Bed Max Model 711,hospital bed
HB-PED-712,Hospital Bed Ped Model 712,hospital bed
HB-EZ-713,Hospital Bed Ez Model 713,hospital bed
HB-ADV-714,Hospital Bed Adv Model 714,hospital bed
HB-PED-715,Hospital Bed Ped Model 715,hospital bed
HB-ERG-716,Hospital Bed Erg Model 716,hospital bed
HB-MAX-717,Hospital Bed Max Model 717,hospital bed
HB-PRO-718,Hospital Bed Pro Model 718,hospital bed
HB-MAN-719,Hospital Bed Man Model 719,hospital bed
HB-CMP-720,Hospital Bed Cmp Model 720,hospital bed
HB-DIG-721,Hospital Bed Dig Model 721,hospital bed
HB-EZ-722,Hospital Bed Ez Model 722,hospital bed
HB-MNI-723,Hospital Bed Mni Model 723,hospital bed
HB-SPT-724,Hospital Bed Spt Model 724,hospital bed
HB-SPT-725,Hospital Bed Spt Model 725,hospital bed
HB-ADV-726,Hospital Bed Adv Model 726,hospital bed
HB-LT-727,Hospital Bed Lt Model 727,hospital bed
HB-QCK-728,Hospital Bed Qck Model 728,hospital bed
HB-EZ-729,Hospital Bed Ez Model 729,hospital bed
HB-MAN-730,Hospital Bed Man Model 730,hospital bed
HB-WDE-731,Hospital Bed Wde Model 731,hospital bed
HB-ERG-732,Hospital Bed Erg Model 732,hospital bed
HB-HVY-733,Hospital Bed Hvy Model 733,hospital bed
HB-HD-734,Hospital Bed Hd Model 734,hospital bed
HB-DIG-735,Hospital Bed Dig Model 735,hospital bed
HB-NRW-736,Hospital Bed Nrw Model 736,hospital bed
HB-STD-737,Hospital Bed Std Model 737,hospital bed
HB-SPT-738,Hospital Bed Spt Model 738,hospital bed
IM-MAN-739,Ice Machine Man Model 739,ice machine
IM-ECO-740,Ice Machine Eco Model 740,ice machine
IM-ERG-741,Ice Machine Erg Model 741,ice machine
IM-MAX-742,Ice Machine Max Model 742,ice machine
IM-DIG-743,Ice Machine Dig Model 743,ice machine
IM-ULT-744,Ice Machine Ult Model 744,ice machine
IM-AIR-745,Ice Machine Air Model 745,ice machine
IM-HD-746,Ice Machine Hd Model 746,ice machine
IM-CMP-747,Ice Machine Cmp Model 747,ice machine
IM-AUT-748,Ice Machine Aut Model 748,ice machine
IM-PRO-749,Ice Machine Pro Model 749,ice machine
IM-AIR-750,Ice Machine Air Model 750,ice machine
IM-MNI-751,Ice Machine Mni Model 751,ice machine
IM-CMP-752,Ice Machine Cmp Model 752,ice machine
IM-MNI-753,Ice Machine Mni Model 753,ice machine
IM-ERG-754,Ice Machine Erg Model 754,ice machine
IM-STD-755,Ice Machine Std Model 755,ice machine
IM-SPT-756,Ice Machine Spt Model 756,ice machine
IM-PED-757,Ice Machine Ped Model 757,ice machine
IM-AUT-758,Ice Machine Aut Model 758,ice machine
IM-WDE-759,Ice Machine Wde Model 759,ice machine
IM-PED-760,Ice Machine Ped Model 760,ice machine
IM-PED-761,Ice Machine Ped Model 761,ice machine
IM-ECO-762,Ice Machine Eco Model 762,ice machine
IM-MAX-763,Ice Machine Max Model 763,ice machine
IM-CMP-764,Ice Machine Cmp Model 764,ice machine
IM-CMP-765,Ice Machine Cmp Model 765,ice machine
IM-CMP-766,Ice Machine Cmp Model 766,ice machine
IM-SLM-767,Ice Machine Slm Model 767,ice machine
IM-ECO-768,Ice Machine Eco Model 768,ice machine
IM-ECO-769,Ice Machine Eco Model 769,ice machine
IM-AUT-770,Ice Machine Aut Model 770,ice machine
IM-NRW-771,Ice Machine Nrw Model 771,ice machine
IM-WDE-772,Ice Machine Wde Model 772,ice machine
IM-STD-773,Ice Machine Std Model 773,ice machine
IM-HD-774,Ice Machine Hd Model 774,ice machine
IM-BSC-775,Ice Machine Bsc Model 775,ice machine
IM-PED-776,Ice Machine Ped Model 776,ice machine
IM-SPT-777,Ice Machine Spt Model 777,ice machine
IM-ULT-778,Ice Machine Ult Model 778,ice machine
IM-GEL-779,Ice Machine Gel Model 779,ice machine
KS-ERG-780,Knee Scooter Erg Model 780,knee scooter
KS-EZ-781,Knee Scooter Ez Model 781,knee scooter
KS-NRW-782,Knee Scooter Nrw Model 782,knee scooter
KS-ECO-783,Knee Scooter Eco Model 783,knee scooter
KS-ADV-784,Knee Scooter Adv Model 784,knee scooter
KS-ECO-785,Knee Scooter Eco Model 785,knee scooter
KS-MAN-786,Knee Scooter Man Model 786,knee scooter
KS-CMP-787,Knee Scooter Cmp Model 787,knee scooter
KS-HD-788,Knee Scooter Hd Model 788,knee scooter
KS-ULT-789,Knee Scooter Ult Model 789,knee scooter
KS-SPT-790,Knee Scooter Spt Model 790,knee scooter
KS-AUT-791,Knee Scooter Aut Model 791,knee scooter
KS-PRM-792,Knee Scooter Prm Model 792,knee scooter
KS-BSC-793,Knee Scooter Bsc Model 793,knee scooter
KS-ECO-794,Knee Scooter Eco Model 794,knee scooter
KS-GEL-795,Knee Scooter Gel Model 795,knee scooter
KS-PRM-796,Knee Scooter Prm Model 796,knee scooter
KS-HD-797,Knee Scooter Hd Model 797,knee scooter
KS-BSC-798,Knee Scooter Bsc Model 798,knee scooter
KS-DIG-799,Knee Scooter Dig Model 799,knee scooter
KS-STD-800,Knee Scooter Std Model 800,knee scooter
KS-QCK-801,Knee Scooter Qck Model 801,knee scooter
KS-ERG-802,Knee Scooter Erg Model 802,knee scooter
KS-PRM-803,Knee Scooter Prm Model 803,knee scooter
KS-AUT-804,Knee Scooter Aut Model 804,knee scooter
KS-PRM-805,Knee Scooter Prm Model 805,knee scooter
KS-ADV-806,Knee Scooter Adv Model 806,knee scooter
KS-ECO-807,Knee Scooter Eco Model 807,knee scooter
KS-STD-808,Knee Scooter Std Model 808,knee scooter
KS-HD-809,Knee Scooter Hd Model 809,knee scooter
KS-ERG-810,Knee Scooter Erg Model 810,knee scooter
KS-STD-811,Knee Scooter Std Model 811,knee scooter
KS-AUT-812,Knee Scooter Aut Model 812,knee scooter
KS-WDE-813,Knee Scooter Wde Model 813,knee scooter
KS-FLX-814,Knee Scooter Flx Model 814,knee scooter
KS-PRO-815,Knee Scooter Pro Model 815,knee scooter
KS-PED-816,Knee Scooter Ped Model 816,knee scooter
KS-AUT-817,Knee Scooter Aut Model 817,knee scooter
KS-ADV-818,Knee Scooter Adv Model 818,knee scooter
KS-BAR-819,Knee Scooter Bar Model 819,knee scooter
KS-ECO-820,Knee Scooter Eco Model 820,knee scooter
NB-LT-821,Nebulizer Lt Model 821,nebulizer
NB-FLX-822,Nebulizer Flx Model 822,nebulizer
NB-EZ-823,Nebulizer Ez Model 823,nebulizer
NB-QCK-824,Nebulizer Qck Model 824,nebulizer
NB-ERG-825,Nebulizer Erg Model 825,nebulizer
NB-QCK-826,Nebulizer Qck Model 826,nebulizer
NB-DIG-827,Nebulizer Dig Model 827,nebulizer
NB-DIG-828,Nebulizer Dig Model 828,nebulizer
NB-GEL-829,Nebulizer Gel Model 829,nebulizer
NB-ULT-830,Nebulizer Ult Model 830,nebulizer
NB-CMP-831,Nebulizer Cmp Model 831,nebulizer
NB-ULT-832,Nebulizer Ult Model 832,nebulizer
NB-LT-833,Nebulizer Lt Model 833,nebulizer
NB-EZ-834,Nebulizer Ez Model 834,nebulizer
NB-SPT-835,Nebulizer Spt Model 835,nebulizer
NB-ECO-836,Nebulizer Eco Model 836,nebulizer
NB-PRO-837,Nebulizer Pro Model 837,nebulizer
NB-LT-838,Nebulizer Lt Model 838,nebulizer
NB-WDE-839,Nebulizer Wde Model 839,nebulizer
NB-QCK-840,Nebulizer Qck Model 840,nebulizer
NB-STD-841,Nebulizer Std Model 841,nebulizer
NB-ECO-842,Nebulizer Eco Model 842,nebulizer
NB-MNI-843,Nebulizer Mni Model 843,nebulizer
NB-WDE-844,Nebulizer Wde Model 844,nebulizer
NB-MNI-845,Nebulizer Mni Model 845,nebulizer
NB-ERG-846,Nebulizer Erg Model 846,nebulizer
NB-SLM-847,Nebulizer Slm Model 847,nebulizer
NB-ERG-848,Nebulizer Erg Model 848,nebulizer
NB-SLM-849,Nebulizer Slm Model 849,nebulizer
NB-DLX-850,Nebulizer Dlx Model 850,nebulizer
NB-STD-851,Nebulizer Std Model 851,nebulizer
NB-QCK-852,Nebulizer Qck Model 852,nebulizer
NB-EZ-853,Nebulizer Ez Model 853,nebulizer
NB-AUT-854,Nebulizer Aut Model 854,nebulizer
NB-AUT-855,Nebulizer Aut Model 855,nebulizer
NB-EZ-856,Nebulizer Ez Model 856,nebulizer
NB-ULT-857,Nebulizer Ult Model 857,nebulizer
NB-BAR-858,Nebulizer Bar Model 858,nebulizer
NB-ADV-859,Nebulizer Adv Model 859,nebulizer
NB-AIR-860,Nebulizer Air Model 860,nebulizer
NB-HVY-861,Nebulizer Hvy Model 861,nebulizer
OX-PRO-862,Oxygen Pro Model 862,oxygen
OX-MAX-863,Oxygen Max Model 863,oxygen
OX-SLM-864,Oxygen Slm Model 864,oxygen
OX-BAR-865,Oxygen Bar Model 865,oxygen
OX-EZ-866,Oxygen Ez Model 866,oxygen
OX-FLX-867,Oxygen Flx Model 867,oxygen
OX-PRM-868,Oxygen Prm Model 868,oxygen
OX-AIR-869,Oxygen Air Model 869,oxygen
OX-ULT-870,Oxygen Ult Model 870,oxygen
OX-PED-871,Oxygen Ped Model 871,oxygen
OX-BAR-872,Oxygen Bar Model 872,oxygen
OX-BAR-873,Oxygen Bar Model 873,oxygen
OX-NRW-874,Oxygen Nrw Model 874,oxygen
OX-ULT-875,Oxygen Ult Model 875,oxygen
OX-MAX-876,Oxygen Max Model 876,oxygen
OX-MAX-877,Oxygen Max Model 877,oxygen
OX-PRM-878,Oxygen Prm Model 878,oxygen
OX-WDE-879,Oxygen Wde Model 879,oxygen
OX-GEL-880,Oxygen Gel Model 880,oxygen
OX-ERG-881,Oxygen Erg Model 881,oxygen
OX-STD-882,Oxygen Std Model 882,oxygen
OX-BSC-883,Oxygen Bsc Model 883,oxygen
OX-DLX-884,Oxygen Dlx Model 884,oxygen
OX-SLM-885,Oxygen Slm Model 885,oxygen
OX-WDE-886,Oxygen Wde Model 886,oxygen
OX-FLX-887,Oxygen Flx Model 887,oxygen
OX-EZ-888,Oxygen Ez Model 888,oxygen
OX-BAR-889,Oxygen Bar Model 889,oxygen
OX-HVY-890,Oxygen Hvy Model 890,oxygen
OX-QCK-891,Oxygen Qck Model 891,oxygen
OX-DLX-892,Oxygen Dlx Model 892,oxygen
OX-MAX-893,Oxygen Max Model 893,oxygen
OX-PED-894,Oxygen Ped Model 894,oxygen
OX-ADV-895,Oxygen Adv Model 895,oxygen
OX-NRW-896,Oxygen Nrw Model 896,oxygen
OX-EZ-897,Oxygen Ez Model 897,oxygen
OX-MAN-898,Oxygen Man Model 898,oxygen
OX-NRW-899,Oxygen Nrw Model 899,oxygen
OX-FLX-900,Oxygen Flx Model 900,oxygen
OX-ULT-901,Oxygen Ult Model 901,oxygen
OX-ADV-902,Oxygen Adv Model 902,oxygen
PL-CMP-903,Patient Lift Cmp Model 903,patient lift
PL-AIR-904,Patient Lift Air Model 904,patient lift
PL-BSC-905,Patient Lift Bsc Model 905,patient lift
PL-CMP-906,Patient Lift Cmp Model 906,patient lift
PL-PRM-907,Patient Lift Prm Model 907,patient lift
PL-AIR-908,Patient Lift Air Model 908,patient lift
PL-MNI-909,Patient Lift Mni Model 909,patient lift
PL-WDE-910,Patient Lift Wde Model 910,patient lift
PL-ULT-911,Patient Lift Ult Model 911,patient lift
PL-PRT-912,Patient Lift Prt Model 912,patient lift
PL-CMP-913,Patient Lift Cmp Model 913,patient lift
PL-ADV-914,Patient Lift Adv Model 914,patient lift
PL-MAN-915,Patient Lift Man Model 915,patient lift
PL-MAX-916,Patient Lift Max Model 916,patient lift
PL-ECO-917,Patient Lift Eco Model 917,patient lift
PL-MNI-918,Patient Lift Mni Model 918,patient lift
PL-HVY-919,Patient Lift Hvy Model 919,patient lift
PL-STD-920,Patient Lift Std Model 920,patient lift
PL-BSC-921,Patient Lift Bsc Model 921,patient lift
PL-NRW-922,Patient Lift Nrw Model 922,patient lift
PL-AUT-923,Patient Lift Aut Model 923,patient lift
PL-PRT-924,Patient Lift Prt Model 924,patient lift
PL-DLX-925,Patient Lift Dlx Model 925,patient lift
PL-HD-926,Patient Lift Hd Model 926,patient lift
PL-SLM-927,Patient Lift Slm Model 927,patient lift
PL-PRO-928,Patient Lift Pro Model 928,patient lift
PL-PRM-929,Patient Lift Prm Model 929,patient lift
PL-ECO-930,Patient Lift Eco Model 930,patient lift
PL-CMP-931,Patient Lift Cmp Model 931,patient lift
PL-PRM-932,Patient Lift Prm Model 932,patient lift
PL-QCK-933,Patient Lift Qck Model 933,patient lift
PL-ERG-934,Patient Lift Erg Model 934,patient lift
PL-STD-935,Patient Lift Std Model 935,patient lift
PL-DLX-936,Patient Lift Dlx Model 936,patient lift
PL-PED-937,Patient Lift Ped Model 937,patient lift
PL-PRM-938,Patient Lift Prm Model 938,patient lift
PL-AUT-939,Patient Lift Aut Model 939,patient lift
PL-HD-940,Patient Lift Hd Model 940,patient lift
PL-BSC-941,Patient Lift Bsc Model 941,patient lift
PL-DLX-942,Patient Lift Dlx Model 942,patient lift
PL-QCK-943,Patient Lift Qck Model 943,patient lift
RL-STD-944,Rollator Std Model 944,rollator
RL-DLX-945,Rollator Dlx Model 945,rollator
RL-ULT-946,Rollator Ult Model 946,rollator
RL-BAR-947,Rollator Bar Model 947,rollator
RL-DLX-948,Rollator Dlx Model 948,rollator
RL-GEL-949,Rollator Gel Model 949,rollator
RL-STD-950,Rollator Std Model 950,rollator
RL-SPT-951,Rollator Spt Model 951,rollator
RL-ERG-952,Rollator Erg Model 952,rollator
RL-ECO-953,Rollator Eco Model 953,rollator
RL-MNI-954,Rollator Mni Model 954,rollator
RL-SLM-955,Rollator Slm Model 955,rollator
RL-PRT-956,Rollator Prt Model 956,rollator
RL-PRT-957,Rollator Prt Model 957,rollator
RL-HD-958,Rollator Hd Model 958,rollator
RL-PRO-959,Rollator Pro Model 959,rollator
RL-LT-960,Rollator Lt Model 960,rollator
RL-PRO-961,Rollator Pro Model 961,rollator
RL-DLX-962,Rollator Dlx Model 962,rollator
RL-GEL-963,Rollator Gel Model 963,rollator
RL-MAN-964,Rollator Man Model 964,rollator
RL-STD-965,Rollator Std Model 965,rollator
RL-CMP-966,Rollator Cmp Model 966,rollator
RL-ERG-967,Rollator Erg Model 967,rollator
RL-BAR-968,Rollator Bar Model 968,rollator
RL-AUT-969,Rollator Aut Model 969,rollator
RL-HD-970,Rollator Hd Model 970,rollator
RL-ULT-971,Rollator Ult Model 971,rollator
RL-SLM-972,Rollator Slm Model 972,rollator
RL-SPT-973,Rollator Spt Model 973,rollator
RL-MAX-974,Rollator Max Model 974,rollator
RL-AIR-975,Rollator Air Model 975,rollator
RL-CMP-976,Rollator Cmp Model 976,rollator
RL-HVY-977,Rollator Hvy Model 977,rollator
RL-SLM-978,Rollator Slm Model 978,rollator
RL-AIR-979,Rollator Air Model 979,rollator
RL-NRW-980,Rollator Nrw Model 980,rollator
RL-ULT-981,Rollator Ult Model 981,rollator
RL-ULT-982,Rollator Ult Model 982,rollator
RL-LT-983,Rollator Lt Model 983,rollator
RL-PRO-984,Rollator Pro Model 984,rollator
SC-MNI-985,Shower Chair Mni Model 985,shower chair
SC-BSC-986,Shower Chair Bsc Model 986,shower chair
SC-HVY-987,Shower Chair Hvy Model 987,shower chair
SC-HD-988,Shower Chair Hd Model 988,shower chair
SC-DLX-989,Shower Chair Dlx Model 989,shower chair
SC-ERG-990,Shower Chair Erg Model 990,shower chair
SC-LT-991,Shower Chair Lt Model 991,shower chair
SC-WDE-992,Shower Chair Wde Model 992,shower chair
SC-PED-993,Shower Chair Ped Model 993,shower chair
SC-MNI-994,Shower Chair Mni Model 994,shower chair
SC-SLM-995,Shower Chair Slm Model 995,shower chair
SC-FLX-996,Shower Chair Flx Model 996,shower chair
SC-BAR-997,Shower Chair Bar Model 997,shower chair
SC-PRO-998,Shower Chair Pro Model 998,shower chair
SC-WDE-999,Shower Chair Wde Model 999,shower chair
SC-GEL-1000,Shower Chair Gel Model 1000,shower chair
SC-AUT-1001,Shower Chair Aut Model 1001,shower chair
SC-ERG-1002,Shower Chair Erg Model 1002,shower chair
SC-QCK-1003,Shower Chair Qck Model 1003,shower chair
SC-BAR-1004,Shower Chair Bar Model 1004,shower chair
SC-PRM-1005,Shower Chair Prm Model 1005,shower chair
SC-ULT-1006,Shower Chair Ult Model 1006,shower chair
SC-FLX-1007,Shower Chair Flx Model 1007,shower chair
SC-FLX-1008,Shower Chair Flx Model 1008,shower chair
SC-BAR-1009,Shower Chair Bar Model 1009,shower chair
SC-MNI-1010,Shower Chair Mni Model 1010,shower chair
SC-PRO-1011,Shower Chair Pro Model 1011,shower chair
SC-ECO-1012,Shower Chair Eco Model 1012,shower chair
SC-QCK-1013,Shower Chair Qck Model 1013,shower chair
SC-AUT-1014,Shower Chair Aut Model 1014,shower chair
SC-FLX-1015,Shower Chair Flx Model 1015,shower chair
SC-WDE-1016,Shower Chair Wde Model 1016,shower chair
SC-MAX-1017,Shower Chair Max Model 1017,shower chair
SC-MAX-1018,Shower Chair Max Model 1018,shower chair
SC-PRM-1019,Shower Chair Prm Model 1019,shower chair
SC-GEL-1020,Shower Chair Gel Model 1020,shower chair
SC-PRT-1021,Shower Chair Prt Model 1021,shower chair
SC-AIR-1022,Shower Chair Air Model 1022,shower chair
SC-BAR-1023,Shower Chair Bar Model 1023,shower chair
SC-ERG-1024,Shower Chair Erg Model 1024,shower chair
SC-ADV-1025,Shower Chair Adv Model 1025,shower chair
TU-NRW-1026,Tens Unit Nrw Model 1026,tens unit
TU-PRT-1027,Tens Unit Prt Model 1027,tens unit
TU-MAN-1028,Tens Unit Man Model 1028,tens unit
TU-ERG-1029,Tens Unit Erg Model 1029,tens unit
TU-ADV-1030,Tens Unit Adv Model 1030,tens unit
TU-ADV-1031,Tens Unit Adv Model 1031,tens unit
TU-HVY-1032,Tens Unit Hvy Model 1032,tens unit
TU-ADV-1033,Tens Unit Adv Model 1033,tens unit
TU-BSC-1034,Tens Unit Bsc Model 1034,tens unit
TU-ULT-1035,Tens Unit Ult Model 1035,tens unit
TU-AUT-1036,Tens Unit Aut Model 1036,tens unit
TU-MAN-1037,Tens Unit Man Model 1037,tens unit
TU-PRO-1038,Tens Unit Pro Model 1038,tens unit
TU-PRM-1039,Tens Unit Prm Model 1039,tens unit
TU-FLX-1040,Tens Unit Flx Model 1040,tens unit
TU-QCK-1041,Tens Unit Qck Model 1041,tens unit
TU-MNI-1042,Tens Unit Mni Model 1042,tens unit
TU-AUT-1043,Tens Unit Aut Model 1043,tens unit
TU-MAN-1044,Tens Unit Man Model 1044,tens unit
TU-STD-1045,Tens Unit Std Model 1045,tens unit
TU-MAN-1046,Tens Unit Man Model 1046,tens unit
TU-PRM-1047,Tens Unit Prm Model 1047,tens unit
TU-ERG-1048,Tens Unit Erg Model 1048,tens unit
TU-ULT-1049,Tens Unit Ult Model 1049,tens unit
TU-SPT-1050,Tens Unit Spt Model 1050,tens unit
TU-STD-1051,Tens Unit Std Model 1051,tens unit
TU-SPT-1052,Tens Unit Spt Model 1052,tens unit
TU-HVY-1053,Tens Unit Hvy Model 1053,tens unit
TU-DLX-1054,Tens Unit Dlx Model 1054,tens unit
TU-ADV-1055,Tens Unit Adv Model 1055,tens unit
TU-LT-1056,Tens Unit Lt Model 1056,tens unit
TU-QCK-1057,Tens Unit Qck Model 1057,tens unit
TU-ULT-1058,Tens Unit Ult Model 1058,tens unit
TU-WDE-1059,Tens Unit Wde Model 1059,tens unit
TU-PRO-1060,Tens Unit Pro Model 1060,tens unit
TU-EZ-1061,Tens Unit Ez Model 1061,tens unit
TU-ECO-1062,Tens Unit Eco Model 1062,tens unit
TU-ADV-1063,Tens Unit Adv Model 1063,tens unit
TU-AUT-1064,Tens Unit Aut Model 1064,tens unit
TU-SPT-1065,Tens Unit Spt Model 1065,tens unit
TU-WDE-1066,Tens Unit Wde Model 1066,tens unit
TD-QCK-1067,Traction Device Qck Model 1067,traction device
TD-AUT-1068,Traction Device Aut Model 1068,traction device
TD-DIG-1069,Traction Device Dig Model 1069,traction device
TD-QCK-1070,Traction Device Qck Model 1070,traction device
TD-MAN-1071,Traction Device Man Model 1071,traction device
TD-PRO-1072,Traction Device Pro Model 1072,traction device
TD-FLX-1073,Traction Device Flx Model 1073,traction device
TD-MAN-1074,Traction Device Man Model 1074,traction device
TD-EZ-1075,Traction Device Ez Model 1075,traction device
TD-LT-1076,Traction Device Lt Model 1076,traction device
TD-STD-1077,Traction Device Std Model 1077,traction device
TD-MAX-1078,Traction Device Max Model 1078,traction device
TD-PRO-1079,Traction Device Pro Model 1079,traction device
TD-SLM-1080,Traction Device Slm Model 1080,traction device
TD-PED-1081,Traction Device Ped Model 1081,traction device
TD-DLX-1082,Traction Device Dlx Model 1082,traction device
TD-BAR-1083,Traction Device Bar Model 1083,traction device
TD-DIG-1084,Traction Device Dig Model 1084,traction device
TD-HD-1085,Traction Device Hd Model 1085,traction device
TD-ERG-1086,Traction Device Erg Model 1086,traction device
TD-BAR-1087,Traction Device Bar Model 1087,traction device
TD-MAX-1088,Traction Device Max Model 1088,traction device
TD-QCK-1089,Traction Device Qck Model 1089,traction device
TD-MAN-1090,Traction Device Man Model 1090,traction device
TD-BSC-1091,Traction Device Bsc Model 1091,traction device
TD-MAX-1092,Traction Device Max Model 1092,traction device
TD-DLX-1093,Traction Device Dlx Model 1093,traction device
TD-PRO-1094,Traction Device Pro Model 1094,traction device
TD-NRW-1095,Traction Device Nrw Model 1095,traction device
TD-DIG-1096,Traction Device Dig Model 1096,traction device
TD-FLX-1097,Traction Device Flx Model 1097,traction device
TD-QCK-1098,Traction Device Qck Model 1098,traction device
TD-DLX-1099,Traction Device Dlx Model 1099,traction device
TD-AUT-1100,Traction Device Aut Model 1100,traction device
TD-NRW-1101,Traction Device Nrw Model 1101,traction device
TD-PRO-1102,Traction Device Pro Model 1102,traction device
TD-NRW-1103,Traction Device Nrw Model 1103,traction device
TD-AUT-1104,Traction Device Aut Model 1104,traction device
TD-AUT-1105,Traction Device Aut Model 1105,traction device
TD-MAN-1106,Traction Device Man Model 1106,traction device
TD-GEL-1107,Traction Device Gel Model 1107,traction device
WK-EZ-1108,Walker Ez Model 1108,walker
WK-SPT-1109,Walker Spt Model 1109,walker
WK-STD-1110,Walker Std Model 1110,walker
WK-FLX-1111,Walker Flx Model 1111,walker
WK-WDE-1112,Walker Wde Model 1112,walker
WK-HVY-1113,Walker Hvy Model 1113,walker
WK-MNI-1114,Walker Mni Model 1114,walker
WK-STD-1115,Walker Std Model 1115,walker
WK-PRM-1116,Walker Prm Model 1116,walker
WK-ECO-1117,Walker Eco Model 1117,walker
WK-DLX-1118,Walker Dlx Model 1118,walker
WK-LT-1119,Walker Lt Model 1119,walker
WK-MNI-1120,Walker Mni Model 1120,walker
WK-BSC-1121,Walker Bsc Model 1121,walker
WK-PRM-1122,Walker Prm Model 1122,walker
WK-ADV-1123,Walker Adv Model 1123,walker
WK-BAR-1124,Walker Bar Model 1124,walker
WK-PRM-1125,Walker Prm Model 1125,walker
WK-DIG-1126,Walker Dig Model 1126,walker
WK-MAN-1127,Walker Man Model 1127,walker
WK-HD-1128,Walker Hd Model 1128,walker
WK-EZ-1129,Walker Ez Model 1129,walker
WK-SPT-1130,Walker Spt Model 1130,walker
WK-DLX-1131,Walker Dlx Model 1131,walker
WK-PRT-1132,Walker Prt Model 1132,walker
WK-GEL-1133,Walker Gel Model 1133,walker
WK-DIG-1134,Walker Dig Model 1134,walker
WK-ECO-1135,Walker Eco Model 1135,walker
WK-MAX-1136,Walker Max Model 1136,walker
WK-STD-1137,Walker Std Model 1137,walker
WK-PED-1138,Walker Ped Model 1138,walker
WK-HD-1139,Walker Hd Model 1139,walker
WK-BSC-1140,Walker Bsc Model 1140,walker
WK-DLX-1141,Walker Dlx Model 1141,walker
WK-FLX-1142,Walker Flx Model 1142,walker
WK-HD-1143,Walker Hd Model 1143,walker
WK-AIR-1144,Walker Air Model 1144,walker
WK-EZ-1145,Walker Ez Model 1145,walker
WK-QCK-1146,Walker Qck Model 1146,walker
WK-MNI-1147,Walker Mni Model 1147,walker
WK-MNI-1148,Walker Mni Model 1148,walker
WC-DLX-1149,Wheelchair Dlx Model 1149,wheelchair
WC-GEL-1150,Wheelchair Gel Model 1150,wheelchair
WC-EZ-1151,Wheelchair Ez Model 1151,wheelchair
WC-FLX-1152,Wheelchair Flx Model 1152,wheelchair
WC-HD-1153,Wheelchair Hd Model 1153,wheelchair
WC-SLM-1154,Wheelchair Slm Model 1154,wheelchair
WC-ULT-1155,Wheelchair Ult Model 1155,wheelchair
WC-ERG-1156,Wheelchair Erg Model 1156,wheelchair
WC-WDE-1157,Wheelchair Wde Model 1157,wheelchair
WC-MAX-1158,Wheelchair Max Model 1158,wheelchair
WC-DLX-1159,Wheelchair Dlx Model 1159,wheelchair
WC-WDE-1160,Wheelchair Wde Model 1160,wheelchair
WC-ERG-1161,Wheelchair Erg Model 1161,wheelchair
WC-AUT-1162,Wheelchair Aut Model 1162,wheelchair
WC-STD-1163,Wheelchair Std Model 1163,wheelchair
WC-ADV-1164,Wheelchair Adv Model 1164,wheelchair
WC-ULT-1165,Wheelchair Ult Model 1165,wheelchair
WC-ECO-1166,Wheelchair Eco Model 1166,wheelchair
WC-HD-1167,Wheelchair Hd Model 1167,wheelchair
WC-PRM-1168,Wheelchair Prm Model 1168,wheelchair
WC-SLM-1169,Wheelchair Slm Model 1169,wheelchair
WC-ADV-1170,Wheelchair Adv Model 1170,wheelchair
WC-DLX-1171,Wheelchair Dlx Model 1171,wheelchair
WC-QCK-1172,Wheelchair Qck Model 1172,wheelchair
WC-PED-1173,Wheelchair Ped Model 1173,wheelchair
WC-PRT-1174,Wheelchair Prt Model 1174,wheelchair
WC-MAN-1175,Wheelchair Man Model 1175,wheelchair
WC-GEL-1176,Wheelchair Gel Model 1176,wheelchair
WC-SLM-1177,Wheelchair Slm Model 1177,wheelchair
WC-HVY-1178,Wheelchair Hvy Model 1178,wheelchair
WC-PED-1179,Wheelchair Ped Model 1179,wheelchair
WC-LT-1180,Wheelchair Lt Model 1180,wheelchair
WC-MNI-1181,Wheelchair Mni Model 1181,wheelchair
WC-PRT-1182,Wheelchair Prt Model 1182,wheelchair
WC-GEL-1183,Wheelchair Gel Model 1183,wheelchair
WC-AUT-1184,Wheelchair Aut Model 1184,wheelchair
WC-PRM-1185,Wheelchair Prm Model 1185,wheelchair
WC-FLX-1186,Wheelchair Flx Model 1186,wheelchair
WC-AUT-1187,Wheelchair Aut Model 1187,wheelchair
WC-HVY-1188,Wheelchair Hvy Model 1188,wheelchair
WC-QCK-1189,Wheelchair Qck Model 1189,wheelchair
CP-BAR-1190,Cpap Bar Model 1190,cpap
WK-DLX-1191,Walker Dlx Model 1191,walker
PL-AIR-1192,Patient Lift Air Model 1192,patient lift
CC-ERG-1193,Cervical Collar Erg Model 1193,cervical collar
CM-MNI-1194,Commode Mni Model 1194,commode
CR-MAN-1195,Crutches Man Model 1195,crutches
CN-PRM-1196,Cane Prm Model 1196,cane
WC-PRM-1197,Wheelchair Prm Model 1197,wheelchair
AB-PRM-1198,Ankle Brace Prm Model 1198,ankle brace
PL-AIR-1199,Patient Lift Air Model 1199,patient lift
CR-DIG-1200,Crutches Dig Model 1200,crutches
